date_ouverture,membre_numero,numero,solde,type
2022-04-14T00:00:00,MBR-0083,CPT-00001,22803.119999999995,courant
2024-10-08T00:00:00,MBR-0148,CPT-00002,499788.35,épargne
2021-12-25T00:00:00,MBR-0069,CPT-00003,382738.96,épargne
2022-01-07T00:00:00,MBR-0121,CPT-00004,458456.03,courant
2023-10-05T00:00:00,MBR-0150,CPT-00005,319218.44,courant
2022-11-14T00:00:00,MBR-0024,CPT-00006,177240.72,courant
2022-11-07T00:00:00,MBR-0083,CPT-00007,429577.88,épargne
2023-04-01T00:00:00,MBR-0106,CPT-00008,147667.81,courant
2022-10-07T00:00:00,MBR-0141,CPT-00009,230138.82,épargne
2023-04-08T00:00:00,MBR-0065,CPT-00010,62381.19,courant
2024-01-17T00:00:00,MBR-0132,CPT-00011,330541.89,épargne
2023-11-28T00:00:00,MBR-0119,CPT-00012,31831.02,courant
2021-04-16T00:00:00,MBR-0093,CPT-00013,314577.33,courant
2022-08-13T00:00:00,MBR-0053,CPT-00014,276863.72,courant
2024-07-14T00:00:00,MBR-0113,CPT-00015,65105.91,courant
2022-09-29T00:00:00,MBR-0156,CPT-00016,356342.5,épargne
2021-07-10T00:00:00,MBR-0142,CPT-00017,278364.45,épargne
2021-08-29T00:00:00,MBR-0058,CPT-00018,233416.71,épargne
2022-08-21T00:00:00,MBR-0040,CPT-00019,466663.26,courant
2023-09-16T00:00:00,MBR-0131,CPT-00020,210667.72,courant
2021-10-24T00:00:00,MBR-0121,CPT-00021,231109.3,épargne
2023-11-07T00:00:00,MBR-0099,CPT-00022,461324.73,épargne
2023-04-30T00:00:00,MBR-0035,CPT-00023,141742.46,épargne
2022-08-03T00:00:00,MBR-0088,CPT-00024,411171.99,courant
2023-07-04T00:00:00,MBR-0077,CPT-00025,433303.99,courant
2024-02-05T00:00:00,MBR-0138,CPT-00026,175836.35,courant
2022-10-22T00:00:00,MBR-0140,CPT-00027,230395.59,courant
2022-04-24T00:00:00,MBR-0049,CPT-00028,288039.83,épargne
2023-08-27T00:00:00,MBR-0106,CPT-00029,162497.28,épargne
2024-08-28T00:00:00,MBR-0098,CPT-00030,494264.93,courant
2021-09-16T00:00:00,MBR-0039,CPT-00031,482588.1,courant
2023-06-21T00:00:00,MBR-0129,CPT-00032,435501.66,courant
2021-10-23T00:00:00,MBR-0026,CPT-00033,12597.06,courant
2022-06-27T00:00:00,MBR-0105,CPT-00034,42039.98,épargne
2022-11-04T00:00:00,MBR-0087,CPT-00035,326669.14,courant
2024-07-07T00:00:00,MBR-0137,CPT-00036,477299.1,courant
2022-04-26T00:00:00,MBR-0125,CPT-00037,310642.43,épargne
2023-06-08T00:00:00,MBR-0074,CPT-00038,374649.35,épargne
2024-11-22T00:00:00,MBR-0026,CPT-00039,224620.88,épargne
2021-04-25T00:00:00,MBR-0077,CPT-00040,27765.53,épargne
2021-10-26T00:00:00,MBR-0076,CPT-00041,190546.34,courant
2022-01-04T00:00:00,MBR-0063,CPT-00042,285134.39,courant
2023-02-23T00:00:00,MBR-0044,CPT-00043,44089.33,épargne
2024-04-09T00:00:00,MBR-0159,CPT-00044,251345.29,épargne
2022-06-05T00:00:00,MBR-0037,CPT-00045,233269.21,épargne
2023-08-11T00:00:00,MBR-0118,CPT-00046,335086.16,courant
2022-12-09T00:00:00,MBR-0074,CPT-00047,41561.64,épargne
2023-05-19T00:00:00,MBR-0151,CPT-00048,321274.66,courant
2022-02-12T00:00:00,MBR-0065,CPT-00049,423425.44,courant
2023-02-21T00:00:00,MBR-0099,CPT-00050,57793.37,courant
2024-12-03T00:00:00,MBR-0147,CPT-00051,289531.91,courant
2024-09-10T00:00:00,MBR-0076,CPT-00052,489082.52,épargne
2024-11-05T00:00:00,MBR-0102,CPT-00053,9008.49,courant
2022-08-10T00:00:00,MBR-0013,CPT-00054,417255.26,courant
2022-01-25T00:00:00,MBR-0059,CPT-00055,113407.25,courant
2025-01-16T00:00:00,MBR-0159,CPT-00056,340493.41,courant
2024-08-16T00:00:00,MBR-0036,CPT-00057,452184.83,épargne
2021-03-10T00:00:00,MBR-0011,CPT-00058,395362.19,courant
2021-07-04T00:00:00,MBR-0149,CPT-00059,367518.09,courant
2021-12-26T00:00:00,MBR-0076,CPT-00060,375003.03,courant
2023-01-20T00:00:00,MBR-0052,CPT-00061,394323.84,épargne
2022-06-11T00:00:00,MBR-0136,CPT-00062,416083.95,courant
2022-11-25T00:00:00,MBR-0124,CPT-00063,374546.88,courant
2021-10-16T00:00:00,MBR-0030,CPT-00064,481632.18,courant
2024-02-16T00:00:00,MBR-0058,CPT-00065,483798.52,courant
2021-01-29T00:00:00,MBR-0094,CPT-00066,396387.57,épargne
2024-10-09T00:00:00,MBR-0068,CPT-00067,230119.08,épargne
2023-01-31T00:00:00,MBR-0068,CPT-00068,412096.56,courant
2024-06-22T00:00:00,MBR-0028,CPT-00069,238381.05,épargne
2022-03-30T00:00:00,MBR-0144,CPT-00070,458051.67,courant
2022-09-11T00:00:00,MBR-0017,CPT-00071,455146.88,courant
2021-03-18T00:00:00,MBR-0105,CPT-00072,74189.62,épargne
2022-04-26T00:00:00,MBR-0078,CPT-00073,62479.64,courant
2023-01-30T00:00:00,MBR-0138,CPT-00074,197379.69,épargne
2025-01-28T00:00:00,MBR-0139,CPT-00075,295733.47,courant
2023-09-30T00:00:00,MBR-0040,CPT-00076,329186.34,courant
2022-07-27T00:00:00,MBR-0158,CPT-00077,469831.27,courant
2023-06-30T00:00:00,MBR-0009,CPT-00078,112548.49,courant
2024-11-05T00:00:00,MBR-0061,CPT-00079,54180.54,courant
2022-07-20T00:00:00,MBR-0095,CPT-00080,34972.29,courant
2023-07-21T00:00:00,MBR-0049,CPT-00081,474760.34,épargne
2024-05-07T00:00:00,MBR-0024,CPT-00082,322643.71,épargne
2022-05-14T00:00:00,MBR-0006,CPT-00083,394463.32,épargne
2024-02-10T00:00:00,MBR-0033,CPT-00084,38962.03,épargne
2022-04-23T00:00:00,MBR-0054,CPT-00085,407461.23,épargne
2024-05-05T00:00:00,MBR-0085,CPT-00086,395378.66,épargne
2021-10-24T00:00:00,MBR-0001,CPT-00087,429911.03,courant
2021-08-14T00:00:00,MBR-0034,CPT-00088,400264.34,courant
2022-05-03T00:00:00,MBR-0007,CPT-00089,12355.86,épargne
2022-06-28T00:00:00,MBR-0151,CPT-00090,12811.64,courant
2023-12-14T00:00:00,MBR-0014,CPT-00091,372150.44,épargne
2023-01-12T00:00:00,MBR-0030,CPT-00092,240741.75,épargne
2022-03-30T00:00:00,MBR-0132,CPT-00093,228742.68,épargne
2024-09-11T00:00:00,MBR-0158,CPT-00094,364985.28,épargne
2021-03-05T00:00:00,MBR-0134,CPT-00095,231731.05,courant
2023-05-24T00:00:00,MBR-0016,CPT-00096,424412.78,courant
2023-06-28T00:00:00,MBR-0028,CPT-00097,357638.65,courant
2021-10-31T00:00:00,MBR-0019,CPT-00098,164445.35,épargne
2024-07-20T00:00:00,MBR-0017,CPT-00099,141132.92,épargne
2024-05-08T00:00:00,MBR-0150,CPT-00100,193547.68,courant
2024-05-24T00:00:00,MBR-0136,CPT-00101,229589.13,courant
2021-08-23T00:00:00,MBR-0111,CPT-00102,397582.57,épargne
2022-04-13T00:00:00,MBR-0142,CPT-00103,217884.62,épargne
2023-03-28T00:00:00,MBR-0106,CPT-00104,414572.52,courant
2022-10-03T00:00:00,MBR-0107,CPT-00105,159711.43,épargne
2024-11-07T00:00:00,MBR-0066,CPT-00106,477028.3,courant
2021-06-24T00:00:00,MBR-0122,CPT-00107,50156.27,épargne
2023-02-03T00:00:00,MBR-0024,CPT-00108,52799.39,courant
2024-02-25T00:00:00,MBR-0034,CPT-00109,295300.22,épargne
2023-04-22T00:00:00,MBR-0144,CPT-00110,336656.57,courant
2025-01-16T00:00:00,MBR-0091,CPT-00111,434705.61,courant
2022-12-22T00:00:00,MBR-0014,CPT-00112,302203.0,courant
2023-09-15T00:00:00,MBR-0027,CPT-00113,81591.44,épargne
2024-02-14T00:00:00,MBR-0058,CPT-00114,178306.43,épargne
2024-03-21T00:00:00,MBR-0095,CPT-00115,382489.79,épargne
2024-06-27T00:00:00,MBR-0058,CPT-00116,423351.8,courant
2024-09-09T00:00:00,MBR-0158,CPT-00117,306452.48,épargne
2024-12-10T00:00:00,MBR-0069,CPT-00118,94305.96,épargne
2022-01-07T00:00:00,MBR-0080,CPT-00119,178756.59,courant
2024-07-20T00:00:00,MBR-0037,CPT-00120,39444.78,courant
2022-03-17T00:00:00,MBR-0008,CPT-00121,374325.32,épargne
2021-11-19T00:00:00,MBR-0097,CPT-00122,229554.67,courant
2024-03-08T00:00:00,MBR-0095,CPT-00123,362190.0,courant
2021-11-15T00:00:00,MBR-0153,CPT-00124,442254.38,épargne
2022-07-12T00:00:00,MBR-0041,CPT-00125,338614.51,épargne
2023-06-25T00:00:00,MBR-0114,CPT-00126,245402.54,courant
2023-11-16T00:00:00,MBR-0107,CPT-00127,111706.64,courant
2022-08-04T00:00:00,MBR-0030,CPT-00128,217807.25,courant
2022-09-24T00:00:00,MBR-0152,CPT-00129,265832.38,courant
2024-05-12T00:00:00,MBR-0012,CPT-00130,200655.38,épargne
2022-03-09T00:00:00,MBR-0015,CPT-00131,106189.45,épargne
2021-09-03T00:00:00,MBR-0036,CPT-00132,148276.33,courant
2021-12-26T00:00:00,MBR-0002,CPT-00133,374771.99,courant
2022-04-17T00:00:00,MBR-0034,CPT-00134,268628.26,courant
2021-03-28T00:00:00,MBR-0129,CPT-00135,40677.37,courant
2021-06-09T00:00:00,MBR-0112,CPT-00136,232578.35,épargne
2024-12-24T00:00:00,MBR-0081,CPT-00137,288832.84,courant
2021-02-12T00:00:00,MBR-0107,CPT-00138,62010.82,courant
2024-06-19T00:00:00,MBR-0084,CPT-00139,401654.47,épargne
2021-08-05T00:00:00,MBR-0118,CPT-00140,48624.29,courant
2023-12-10T00:00:00,MBR-0063,CPT-00141,296491.29,courant
2022-11-27T00:00:00,MBR-0021,CPT-00142,435909.59,courant
2021-06-06T00:00:00,MBR-0057,CPT-00143,390663.34,courant
2022-02-02T00:00:00,MBR-0131,CPT-00144,267649.39,épargne
2024-08-14T00:00:00,MBR-0090,CPT-00145,365052.66,courant
2022-06-09T00:00:00,MBR-0038,CPT-00146,55888.24,épargne
2024-09-04T00:00:00,MBR-0051,CPT-00147,303187.5,épargne
2024-07-10T00:00:00,MBR-0020,CPT-00148,475889.61,épargne
2024-04-01T00:00:00,MBR-0127,CPT-00149,378450.68,courant
2024-07-08T00:00:00,MBR-0115,CPT-00150,432802.2,courant
2023-08-19T00:00:00,MBR-0081,CPT-00151,222682.59,épargne
2024-04-26T00:00:00,MBR-0114,CPT-00152,399183.19,courant
2022-09-28T00:00:00,MBR-0015,CPT-00153,256131.76,courant
2023-01-26T00:00:00,MBR-0119,CPT-00154,23615.59,courant
2021-07-04T00:00:00,MBR-0074,CPT-00155,324109.9,épargne
2024-02-10T00:00:00,MBR-0158,CPT-00156,234042.27,courant
2024-03-16T00:00:00,MBR-0011,CPT-00157,454979.73,courant
2023-10-24T00:00:00,MBR-0049,CPT-00158,304477.89,courant
2022-12-05T00:00:00,MBR-0039,CPT-00159,228008.94,épargne
2024-12-20T00:00:00,MBR-0022,CPT-00160,24375.35,épargne
2024-06-02T00:00:00,MBR-0113,CPT-00161,264413.93,courant
2022-08-03T00:00:00,MBR-0041,CPT-00162,189561.73,courant
2024-10-22T00:00:00,MBR-0100,CPT-00163,388360.07,courant
2024-08-18T00:00:00,MBR-0154,CPT-00164,395667.33,épargne
2024-02-17T00:00:00,MBR-0086,CPT-00165,168196.92,épargne
2024-09-06T00:00:00,MBR-0099,CPT-00166,129737.91,courant
2024-04-08T00:00:00,MBR-0155,CPT-00167,170014.21,épargne
2024-09-05T00:00:00,MBR-0037,CPT-00168,158564.71,courant
2021-06-23T00:00:00,MBR-0101,CPT-00169,299545.41,épargne
2022-11-04T00:00:00,MBR-0080,CPT-00170,323529.17,courant
2023-05-18T00:00:00,MBR-0033,CPT-00171,324782.29,épargne
2022-09-25T00:00:00,MBR-0131,CPT-00172,14024.12,courant
2023-09-23T00:00:00,MBR-0047,CPT-00173,174157.51,épargne
2021-11-14T00:00:00,MBR-0050,CPT-00174,499988.43,épargne
2021-07-27T00:00:00,MBR-0020,CPT-00175,422992.05,courant
2024-06-19T00:00:00,MBR-0130,CPT-00176,332654.97,épargne
2022-01-06T00:00:00,MBR-0034,CPT-00177,81355.12,courant
2021-03-31T00:00:00,MBR-0160,CPT-00178,361985.58,épargne
2022-05-02T00:00:00,MBR-0106,CPT-00179,339799.65,courant
2023-07-09T00:00:00,MBR-0114,CPT-00180,377433.63,courant
2023-08-19T00:00:00,MBR-0060,CPT-00181,158186.61,épargne
2024-03-14T00:00:00,MBR-0050,CPT-00182,340761.88,courant
2023-02-22T00:00:00,MBR-0113,CPT-00183,385872.08,courant
2022-02-13T00:00:00,MBR-0129,CPT-00184,483302.74,courant
2021-04-17T00:00:00,MBR-0155,CPT-00185,437135.95,épargne
2021-07-30T00:00:00,MBR-0124,CPT-00186,279497.67,courant
2021-11-25T00:00:00,MBR-0133,CPT-00187,146106.19,épargne
2021-10-29T00:00:00,MBR-0070,CPT-00188,453126.57,courant
2022-03-31T00:00:00,MBR-0112,CPT-00189,473474.57,épargne
2023-04-30T00:00:00,MBR-0116,CPT-00190,465583.6,courant
2022-04-28T00:00:00,MBR-0014,CPT-00191,253493.52,courant
2021-02-27T00:00:00,MBR-0099,CPT-00192,190581.77,épargne
2024-08-24T00:00:00,MBR-0082,CPT-00193,420392.26,épargne
2022-08-11T00:00:00,MBR-0086,CPT-00194,73111.8,épargne
2023-08-19T00:00:00,MBR-0121,CPT-00195,380626.37,épargne
2021-02-08T00:00:00,MBR-0115,CPT-00196,453399.46,épargne
2024-01-29T00:00:00,MBR-0066,CPT-00197,418306.73,épargne
2022-08-14T00:00:00,MBR-0156,CPT-00198,60037.5,courant
2022-05-04T00:00:00,MBR-0061,CPT-00199,65314.93,courant
2023-10-21T00:00:00,MBR-0108,CPT-00200,36089.54,courant
2024-03-23T00:00:00,MBR-0153,CPT-00201,317817.7,épargne
2021-01-04T00:00:00,MBR-0062,CPT-00202,149179.63,épargne
2023-05-04T00:00:00,MBR-0158,CPT-00203,124079.3,courant
2023-01-09T00:00:00,MBR-0048,CPT-00204,264124.86,épargne
2023-08-21T00:00:00,MBR-0018,CPT-00205,198274.6,épargne
2022-06-04T00:00:00,MBR-0012,CPT-00206,490614.51,courant
2022-12-08T00:00:00,MBR-0005,CPT-00207,395317.41,courant
2022-11-12T00:00:00,MBR-0062,CPT-00208,386893.18,épargne
2022-11-25T00:00:00,MBR-0035,CPT-00209,179388.03,épargne
2023-09-08T00:00:00,MBR-0045,CPT-00210,490505.5,courant
2023-07-27T00:00:00,MBR-0047,CPT-00211,36234.77,épargne
2022-02-13T00:00:00,MBR-0010,CPT-00212,104787.54,courant
2023-11-22T00:00:00,MBR-0011,CPT-00213,467018.64,courant
2024-08-17T00:00:00,MBR-0102,CPT-00214,130390.31,courant
2021-04-08T00:00:00,MBR-0049,CPT-00215,181702.22,courant
2023-01-24T00:00:00,MBR-0085,CPT-00216,66615.13,courant
2023-03-03T00:00:00,MBR-0112,CPT-00217,372937.31,courant
2023-10-16T00:00:00,MBR-0087,CPT-00218,250620.6,épargne
2025-01-29T00:00:00,MBR-0095,CPT-00219,401568.3,courant
2022-01-05T00:00:00,MBR-0109,CPT-00220,218150.54,épargne
2021-06-13T00:00:00,MBR-0140,CPT-00221,163999.66,courant
2024-05-19T00:00:00,MBR-0084,CPT-00222,156715.45,courant
2022-12-21T00:00:00,MBR-0110,CPT-00223,346433.58,épargne
2022-12-24T00:00:00,MBR-0115,CPT-00224,364773.13,épargne
2021-04-28T00:00:00,MBR-0158,CPT-00225,140904.9,courant
2024-10-23T00:00:00,MBR-0020,CPT-00226,184839.01,courant
2024-05-29T00:00:00,MBR-0041,CPT-00227,75675.84,épargne
2022-04-29T00:00:00,MBR-0113,CPT-00228,67483.86,épargne
2024-03-07T00:00:00,MBR-0094,CPT-00229,194512.93,courant
2023-01-30T00:00:00,MBR-0009,CPT-00230,341135.72,épargne
2024-03-21T00:00:00,MBR-0096,CPT-00231,382726.81,courant
2024-08-23T00:00:00,MBR-0036,CPT-00232,202026.85,courant
2021-02-23T00:00:00,MBR-0072,CPT-00233,480457.43,épargne
2024-02-25T00:00:00,MBR-0048,CPT-00234,261283.91,courant
2024-12-12T00:00:00,MBR-0031,CPT-00235,388607.42,courant
2022-08-08T00:00:00,MBR-0115,CPT-00236,498200.73,épargne
2021-06-01T00:00:00,MBR-0126,CPT-00237,65705.52,épargne
2023-07-01T00:00:00,MBR-0116,CPT-00238,449846.12,épargne
2024-12-24T00:00:00,MBR-0023,CPT-00239,335580.7,courant
2021-11-19T00:00:00,MBR-0017,CPT-00240,446209.18,courant
2021-09-06T00:00:00,MBR-0045,CPT-00241,256834.09,courant
2023-10-09T00:00:00,MBR-0052,CPT-00242,122184.41,épargne
2023-01-26T00:00:00,MBR-0007,CPT-00243,279240.61,courant
2021-06-26T00:00:00,MBR-0120,CPT-00244,307914.44,épargne
2025-01-08T00:00:00,MBR-0017,CPT-00245,202089.19,courant
2024-03-23T00:00:00,MBR-0123,CPT-00246,385736.45,courant
2024-08-08T00:00:00,MBR-0019,CPT-00247,486327.97,épargne
2023-11-26T00:00:00,MBR-0019,CPT-00248,235587.43,courant
2024-02-04T00:00:00,MBR-0089,CPT-00249,439590.28,épargne
2021-09-22T00:00:00,MBR-0151,CPT-00250,385051.91,épargne
