date_adhesion,nom,numero,piece_identite,profession,telephone,ville
2024-02-27T00:00:00,Kengne Jean,MBR-0001,CNI-13356886,Médecin,+237668456905,Yaoundé
2023-10-17T00:00:00,Fotso Grace,MBR-0002,CNI-23756669,Couturier,+237699705370,Douala
2020-03-02T00:00:00,Ewane Rose,MBR-0003,CNI-14265799,Médecin,+237656287781,Yaoundé
2023-02-23T00:00:00,Abena Chantal,MBR-0004,CNI-13561597,Couturier,+237663343768,Garoua
2021-07-23T00:00:00,Nguema Moussa,MBR-0005,CNI-89089901,Agriculteur,+237650436124,Kribi
2020-11-14T00:00:00,Njoya Sandra,MBR-0006,CNI-47295260,Artisan,+237664449461,Douala
2022-01-05T00:00:00,Tchoungui Rose,MBR-0007,CNI-22981052,Chauffeur,+237673082477,Maroua
2023-01-03T00:00:00,Kamga Grace,MBR-0008,CNI-71662963,Comptable,+237658376941,Douala
2023-06-20T00:00:00,Abena Ibrahim,MBR-0009,CNI-94374605,Médecin,+237674268915,Kribi
2021-04-11T00:00:00,Tchoungui Paul,MBR-0010,CNI-98753260,Enseignant,+237669420497,Maroua
2022-02-17T00:00:00,Nguema Emmanuel,MBR-0011,CNI-23556182,Ingénieur,+237668654492,Kribi
2022-01-28T00:00:00,Ngo Bassa Sandra,MBR-0012,CNI-31831063,Médecin,+237673841813,Kribi
2020-05-26T00:00:00,Mbarga Grace,MBR-0013,CNI-96977837,Agriculteur,+237690878089,Bamenda
2022-08-04T00:00:00,Fosso Kevin,MBR-0014,CNI-31931511,Chauffeur,+237675464823,Kribi
2023-11-03T00:00:00,Fosso Alice,MBR-0015,CNI-39476249,Commerçant,+237671762245,Yaoundé
2022-04-01T00:00:00,Ngo Bassa Paul,MBR-0016,CNI-52339391,Enseignant,+237667967786,Yaoundé
2021-03-11T00:00:00,Tagne Chantal,MBR-0017,CNI-52235350,Ingénieur,+237693985744,Garoua
2020-10-19T00:00:00,Tagne David,MBR-0018,CNI-71586053,Agriculteur,+237667775807,Yaoundé
2021-06-22T00:00:00,Fosso Alice,MBR-0019,CNI-82340307,Comptable,+237689230901,Bamenda
2020-10-10T00:00:00,Njoya Sandra,MBR-0020,CNI-39436733,Ingénieur,+237684193730,Douala
2020-11-09T00:00:00,Mvondo Paul,MBR-0021,CNI-24716857,Agriculteur,+237692107191,Maroua
2020-05-10T00:00:00,Kengne Rose,MBR-0022,CNI-90048665,Comptable,+237675821297,Bamenda
2023-02-07T00:00:00,Bello Alice,MBR-0023,CNI-43744231,Enseignant,+237650770478,Kribi
2024-04-23T00:00:00,Tagne Alice,MBR-0024,CNI-45812670,Artisan,+237693014218,Douala
2022-07-18T00:00:00,Mbarga Rose,MBR-0025,CNI-31227574,Chauffeur,+237650217789,Bamenda
2020-08-05T00:00:00,Mvondo Marie,MBR-0026,CNI-78139880,Chauffeur,+237691963185,Maroua
2021-02-11T00:00:00,Kengne Alice,MBR-0027,CNI-91734598,Artisan,+237660256869,Maroua
2020-01-02T00:00:00,Fotso Alice,MBR-0028,CNI-81182864,Artisan,+237690194490,Garoua
2024-12-04T00:00:00,Kamga Jean,MBR-0029,CNI-58718453,Médecin,+237670636923,Douala
2020-06-24T00:00:00,Nguema Chantal,MBR-0030,CNI-20570592,Ingénieur,+237699117487,Maroua
2024-04-17T00:00:00,Tchoungui Samuel,MBR-0031,CNI-81498611,Agriculteur,+237658439645,Kribi
2021-06-26T00:00:00,Bello Alice,MBR-0032,CNI-32162965,Comptable,+237685411588,Yaoundé
2023-12-31T00:00:00,Tagne Alice,MBR-0033,CNI-36998038,Comptable,+237670918926,Kribi
2022-11-25T00:00:00,Kengne Sandra,MBR-0034,CNI-68800797,Enseignant,+237680298722,Yaoundé
2020-02-13T00:00:00,Nguema Jean,MBR-0035,CNI-55377076,Couturier,+237689480729,Yaoundé
2020-05-25T00:00:00,Ewane Kevin,MBR-0036,CNI-10965138,Commerçant,+237697502401,Yaoundé
2020-05-25T00:00:00,Tchoungui Paul,MBR-0037,CNI-54349361,Médecin,+237684504433,Bafoussam
2023-01-09T00:00:00,Kengne Moussa,MBR-0038,CNI-38754377,Ingénieur,+237658879297,Yaoundé
2021-01-24T00:00:00,Mvondo Moussa,MBR-0039,CNI-64634663,Enseignant,+237656330097,Kribi
2022-04-21T00:00:00,Njoya Sandra,MBR-0040,CNI-66851760,Commerçant,+237681341494,Kribi
2020-05-04T00:00:00,Kengne David,MBR-0041,CNI-23209423,Artisan,+237677019456,Maroua
2021-01-27T00:00:00,Ngo Bassa Jean,MBR-0042,CNI-43374088,Couturier,+237662764703,Garoua
2021-07-24T00:00:00,Fotso Rose,MBR-0043,CNI-34627347,Médecin,+237681046444,Maroua
2024-07-12T00:00:00,Tagne Jean,MBR-0044,CNI-69476001,Enseignant,+237686931706,Douala
2020-07-10T00:00:00,Kengne Alice,MBR-0045,CNI-11980765,Agriculteur,+237665863159,Garoua
2024-11-05T00:00:00,Bello Moussa,MBR-0046,CNI-38688676,Commerçant,+237676913358,Yaoundé
2021-06-27T00:00:00,Njoya Paul,MBR-0047,CNI-62401521,Chauffeur,+237680535094,Garoua
2023-09-17T00:00:00,Fosso Grace,MBR-0048,CNI-84593961,Ingénieur,+237698211563,Yaoundé
2020-04-29T00:00:00,Nguema Ibrahim,MBR-0049,CNI-39219319,Couturier,+237688868131,Douala
2020-04-12T00:00:00,Fosso Sandra,MBR-0050,CNI-17672593,Ingénieur,+237689203494,Bamenda
2020-11-18T00:00:00,Tagne Emmanuel,MBR-0051,CNI-81286543,Couturier,+237653817123,Douala
2023-05-03T00:00:00,Ngo Bassa Marie,MBR-0052,CNI-19196777,Médecin,+237654560776,Garoua
2023-03-31T00:00:00,Tchoungui Chantal,MBR-0053,CNI-43046464,Commerçant,+237689897505,Bamenda
2023-04-10T00:00:00,Tchoungui Rose,MBR-0054,CNI-98231132,Couturier,+237687931736,Bafoussam
2023-10-03T00:00:00,Tagne Ibrahim,MBR-0055,CNI-37415205,Artisan,+237698062818,Yaoundé
2023-10-07T00:00:00,Mbarga Rose,MBR-0056,CNI-27566185,Chauffeur,+237693318824,Garoua
2020-01-20T00:00:00,Atangana Samuel,MBR-0057,CNI-19736572,Enseignant,+237680755020,Douala
2021-06-27T00:00:00,Abena Kevin,MBR-0058,CNI-77898694,Artisan,+237658889009,Douala
2021-08-06T00:00:00,Tagne Kevin,MBR-0059,CNI-59597086,Ingénieur,+237660586210,Maroua
2023-06-06T00:00:00,Abena Grace,MBR-0060,CNI-50603163,Couturier,+237693887607,Douala
2021-09-05T00:00:00,Kengne Emmanuel,MBR-0061,CNI-84437458,Enseignant,+237694519263,Yaoundé
2024-02-29T00:00:00,Mbarga Jean,MBR-0062,CNI-24366125,Agriculteur,+237687126210,Bafoussam
2024-01-09T00:00:00,Mbarga Chantal,MBR-0063,CNI-38270233,Médecin,+237673010306,Kribi
2022-11-01T00:00:00,Kengne Emmanuel,MBR-0064,CNI-45431319,Chauffeur,+237682784817,Maroua
2022-05-17T00:00:00,Kamga Jean,MBR-0065,CNI-95132217,Commerçant,+237668567695,Douala
2023-07-28T00:00:00,Atangana Samuel,MBR-0066,CNI-27558317,Agriculteur,+237667579520,Kribi
2023-02-22T00:00:00,Bello Alice,MBR-0067,CNI-67403166,Enseignant,+237650648922,Douala
2023-01-22T00:00:00,Tagne Grace,MBR-0068,CNI-30005727,Artisan,+237652417807,Bamenda
2020-09-18T00:00:00,Abena Marie,MBR-0069,CNI-67684996,Chauffeur,+237652807087,Bafoussam
2022-01-02T00:00:00,Tagne Samuel,MBR-0070,CNI-15354599,Médecin,+237664097997,Kribi
2024-12-15T00:00:00,Tchoungui Sandra,MBR-0071,CNI-85146293,Agriculteur,+237677271524,Yaoundé
2024-12-10T00:00:00,Ngo Bassa Marie,MBR-0072,CNI-33763566,Commerçant,+237677668609,Yaoundé
2024-06-30T00:00:00,Fosso Sandra,MBR-0073,CNI-65259205,Médecin,+237694956706,Bafoussam
2022-02-22T00:00:00,Fotso Samuel,MBR-0074,CNI-24508349,Ingénieur,+237652598764,Yaoundé
2021-12-17T00:00:00,Nguema Emmanuel,MBR-0075,CNI-71780854,Médecin,+237670481012,Yaoundé
2022-03-27T00:00:00,Kamga David,MBR-0076,CNI-35921441,Chauffeur,+237672029286,Maroua
2021-12-20T00:00:00,Tchoungui Samuel,MBR-0077,CNI-47463522,Couturier,+237693049110,Garoua
2021-11-09T00:00:00,Kengne Emmanuel,MBR-0078,CNI-81969657,Enseignant,+237651852240,Bafoussam
2020-03-19T00:00:00,Fotso Chantal,MBR-0079,CNI-45630292,Comptable,+237657274771,Bafoussam
2022-06-12T00:00:00,Fosso Samuel,MBR-0080,CNI-52101056,Couturier,+237690681987,Douala
2021-06-05T00:00:00,Njoya Chantal,MBR-0081,CNI-35511941,Comptable,+237652978729,Douala
2023-11-07T00:00:00,Abena Samuel,MBR-0082,CNI-82269803,Médecin,+237698280129,Bafoussam
2021-11-07T00:00:00,Njoya Jean,MBR-0083,CNI-99152472,Artisan,+237691819251,Kribi
2022-11-04T00:00:00,Ngo Bassa Jean,MBR-0084,CNI-50308572,Comptable,+237670755742,Bafoussam
2023-02-09T00:00:00,Njoya Grace,MBR-0085,CNI-49682169,Médecin,+237658542139,Garoua
2023-06-14T00:00:00,Kengne Rose,MBR-0086,CNI-33357554,Chauffeur,+237688192007,Garoua
2021-09-14T00:00:00,Abena Emmanuel,MBR-0087,CNI-10054484,Médecin,+237669254453,Garoua
2023-09-02T00:00:00,Mvondo Chantal,MBR-0088,CNI-91424737,Ingénieur,+237671625779,Garoua
2022-11-12T00:00:00,Bello David,MBR-0089,CNI-38682516,Agriculteur,+237681754987,Kribi
2023-09-21T00:00:00,Tchoungui Ibrahim,MBR-0090,CNI-79182797,Artisan,+237692475941,Douala
2023-10-09T00:00:00,Ngo Bassa Samuel,MBR-0091,CNI-41523529,Médecin,+237670831897,Maroua
2020-04-04T00:00:00,Nguema Marie,MBR-0092,CNI-13278320,Ingénieur,+237666431104,Bamenda
2022-07-21T00:00:00,Ngo Bassa Samuel,MBR-0093,CNI-19774839,Médecin,+237677812665,Kribi
2022-03-29T00:00:00,Fosso Rose,MBR-0094,CNI-76354180,Agriculteur,+237666373518,Kribi
2024-05-13T00:00:00,Fosso Paul,MBR-0095,CNI-24305904,Médecin,+237678531078,Yaoundé
2022-08-09T00:00:00,Mvondo Grace,MBR-0096,CNI-79519112,Couturier,+237653370098,Yaoundé
2022-07-23T00:00:00,Tagne Emmanuel,MBR-0097,CNI-26288475,Ingénieur,+237658948235,Kribi
2021-10-11T00:00:00,Abena Alice,MBR-0098,CNI-89920257,Couturier,+237679700599,Garoua
2020-11-21T00:00:00,Ngo Bassa Alice,MBR-0099,CNI-69849511,Ingénieur,+237699905871,Garoua
2024-09-16T00:00:00,Mbarga Samuel,MBR-0100,CNI-43183955,Chauffeur,+237692792734,Maroua
2023-07-07T00:00:00,Mvondo Alice,MBR-0101,CNI-75041510,Chauffeur,+237666055518,Garoua
2021-04-25T00:00:00,Tchoungui Grace,MBR-0102,CNI-48349783,Artisan,+237668234492,Bafoussam
2020-10-10T00:00:00,Tagne Alice,MBR-0103,CNI-20814950,Médecin,+237660122074,Garoua
2020-05-11T00:00:00,Fosso Marie,MBR-0104,CNI-38716269,Comptable,+237677841313,Bafoussam
2020-05-07T00:00:00,Abena Moussa,MBR-0105,CNI-65804273,Comptable,+237663880420,Garoua
2023-11-25T00:00:00,Tagne Samuel,MBR-0106,CNI-88393811,Comptable,+237651310767,Garoua
2024-03-23T00:00:00,Kamga Sandra,MBR-0107,CNI-50079111,Comptable,+237676171560,Bamenda
2024-06-26T00:00:00,Fosso Grace,MBR-0108,CNI-83300637,Médecin,+237690483595,Garoua
2022-09-21T00:00:00,Nguema Ibrahim,MBR-0109,CNI-68496914,Comptable,+237651947822,Bafoussam
2024-01-23T00:00:00,Kengne David,MBR-0110,CNI-64266464,Ingénieur,+237661075964,Yaoundé
2022-03-17T00:00:00,Ewane Alice,MBR-0111,CNI-13619375,Commerçant,+237689721251,Douala
2024-11-10T00:00:00,Kengne Rose,MBR-0112,CNI-28213276,Agriculteur,+237680984058,Douala
2021-03-09T00:00:00,Mbarga Rose,MBR-0113,CNI-53936531,Artisan,+237680514355,Bafoussam
2024-03-20T00:00:00,Mvondo Rose,MBR-0114,CNI-47346970,Chauffeur,+237678290736,Maroua
2024-03-14T00:00:00,Tchoungui Moussa,MBR-0115,CNI-12601580,Commerçant,+237686199799,Bafoussam
2024-05-18T00:00:00,Nguema David,MBR-0116,CNI-19209801,Commerçant,+237693738514,Maroua
2024-09-14T00:00:00,Kamga Kevin,MBR-0117,CNI-36757737,Agriculteur,+237651367679,Yaoundé
2020-08-22T00:00:00,Fotso Moussa,MBR-0118,CNI-99853245,Médecin,+237687847357,Garoua
2020-12-09T00:00:00,Fosso Ibrahim,MBR-0119,CNI-59512272,Enseignant,+237690660770,Maroua
2020-08-09T00:00:00,Ngo Bassa Marie,MBR-0120,CNI-51746937,Commerçant,+237688834875,Bafoussam
2022-03-23T00:00:00,Ewane David,MBR-0121,CNI-60372847,Médecin,+237697983824,Douala
2021-05-12T00:00:00,Ewane Grace,MBR-0122,CNI-94187049,Chauffeur,+237656838480,Maroua
2024-06-18T00:00:00,Kengne Chantal,MBR-0123,CNI-26247735,Commerçant,+237687979090,Bafoussam
2022-01-28T00:00:00,Abena Rose,MBR-0124,CNI-98787891,Couturier,+237654627608,Kribi
2024-08-11T00:00:00,Atangana Paul,MBR-0125,CNI-66379329,Enseignant,+237682896879,Garoua
2023-12-19T00:00:00,Atangana David,MBR-0126,CNI-71705170,Comptable,+237660267062,Yaoundé
2021-07-07T00:00:00,Fosso Alice,MBR-0127,CNI-97302916,Couturier,+237691333178,Maroua
2024-08-18T00:00:00,Bello Moussa,MBR-0128,CNI-68461818,Chauffeur,+237699058338,Bafoussam
2021-07-25T00:00:00,Ngo Bassa Kevin,MBR-0129,CNI-21631697,Médecin,+237680252810,Maroua
2023-09-30T00:00:00,Bello Chantal,MBR-0130,CNI-91917334,Artisan,+237675433541,Douala
2021-01-07T00:00:00,Bello Emmanuel,MBR-0131,CNI-53622663,Médecin,+237682718922,Bafoussam
2021-07-26T00:00:00,Mvondo Ibrahim,MBR-0132,CNI-55679506,Chauffeur,+237690007285,Bamenda
2020-06-24T00:00:00,Kamga Alice,MBR-0133,CNI-35643159,Comptable,+237666197130,Garoua
2023-11-15T00:00:00,Abena Samuel,MBR-0134,CNI-42255732,Ingénieur,+237681950067,Garoua
2021-08-25T00:00:00,Mvondo Paul,MBR-0135,CNI-22489409,Comptable,+237664871082,Kribi
2023-04-06T00:00:00,Nguema Ibrahim,MBR-0136,CNI-99115205,Ingénieur,+237674764543,Bamenda
2024-03-07T00:00:00,Abena Sandra,MBR-0137,CNI-67110154,Artisan,+237686935945,Bafoussam
2021-09-19T00:00:00,Fosso Moussa,MBR-0138,CNI-46361787,Médecin,+237666871415,Douala
2020-09-01T00:00:00,Fosso Kevin,MBR-0139,CNI-52352128,Couturier,+237699853904,Maroua
2021-03-19T00:00:00,Fosso Marie,MBR-0140,CNI-35708194,Ingénieur,+237699566919,Bafoussam
2023-05-07T00:00:00,Fosso Chantal,MBR-0141,CNI-80415568,Enseignant,+237668991721,Maroua
2022-01-09T00:00:00,Nguema Ibrahim,MBR-0142,CNI-40532273,Chauffeur,+237662042118,Douala
2021-07-15T00:00:00,Fosso Alice,MBR-0143,CNI-26989677,Commerçant,+237653054506,Bamenda
2023-07-30T00:00:00,Mbarga Grace,MBR-0144,CNI-26948946,Enseignant,+237682942311,Maroua
2022-08-19T00:00:00,Kamga Chantal,MBR-0145,CNI-48163378,Ingénieur,+237682125966,Bafoussam
2024-10-30T00:00:00,Fotso Paul,MBR-0146,CNI-43887075,Enseignant,+237682059863,Maroua
2020-05-31T00:00:00,Tchoungui Rose,MBR-0147,CNI-76001106,Commerçant,+237688723234,Yaoundé
2021-09-14T00:00:00,Fotso Samuel,MBR-0148,CNI-85543051,Médecin,+237655716393,Douala
2023-05-26T00:00:00,Abena Samuel,MBR-0149,CNI-65857931,Médecin,+237690005395,Maroua
2022-06-25T00:00:00,Abena Rose,MBR-0150,CNI-70467027,Comptable,+237669955030,Bafoussam
2023-06-02T00:00:00,Ewane Chantal,MBR-0151,CNI-18083974,Enseignant,+237699666552,Maroua
2021-06-25T00:00:00,Nguema David,MBR-0152,CNI-38323322,Enseignant,+237694320582,Yaoundé
2020-06-02T00:00:00,Nguema Marie,MBR-0153,CNI-84087145,Commerçant,+237660504726,Garoua
2022-08-20T00:00:00,Bello Grace,MBR-0154,CNI-89699989,Commerçant,+237669546080,Yaoundé
2023-12-10T00:00:00,Mbarga Grace,MBR-0155,CNI-47945817,Enseignant,+237680469526,Kribi
2023-04-22T00:00:00,Nguema Ibrahim,MBR-0156,CNI-93893865,Médecin,+237694371242,Garoua
2023-08-19T00:00:00,Tchoungui Alice,MBR-0157,CNI-40173413,Chauffeur,+237659998509,Maroua
2020-12-05T00:00:00,Fotso Jean,MBR-0158,CNI-18004482,Chauffeur,+237670643479,Garoua
2023-12-04T00:00:00,Tchoungui Moussa,MBR-0159,CNI-50814428,Chauffeur,+237677011889,Bamenda
2020-06-13T00:00:00,Abena Moussa,MBR-0160,CNI-68755000,Commerçant,+237690133561,Garoua
2026-10-06T15:23:53.605000,2,22,w,w,w,w
2026-10-06T15:28:08.576000,2,2,2,2,2,2
